51 , 118 , 52 , 118 , 53
118 , 49 , 118 , 50 , 118
51 , 118 , 52 , 118 , 53
118 , 49 , 118 , 50 , 118
51 , 118 , 52 , 118 , 53
118 , 49 , 118 , 50 , 118
51 , 118 , 52 , 118 , 53
118 , 49 , 118 , 50 , 118
51 , 118 , 52 , 118 , 53
118 , 49 , 118 , 50 , 118
51 , 118 , 52 , 118 , 53
118 , 49 , 118 , 50 , 118
51 , 118 , 52 , 118 , 53
118 , 49 , 118 , 50 , 118
51 , 118 , 52 , 118 , 53
118 , 49 , 118 , 50 , 118
51 , 118 , 52 , 118 , 53
118 , 49 , 118 , 50 , 118
51 , 118 , 52 , 118 , 53
118 , 49 , 118 , 50 , 118
51 , 118 , 52 , 118 , 53
118 , 49 , 118 , 50 , 118
51 , 118 , 52 , 118 , 53
118 , 49 , 118 , 50 , 118
51 , 118 , 52 , 118 , 53
118 , 49 , 118 , 50 , 118
51 , 118 , 52 , 118 , 53
118 , 49 , 118 , 50 , 118
51 , 118 , 52 , 118 , 53
118 , 49 , 118 , 50 , 118
51 , 118 , 52 , 118 , 53
118 , 49 , 118 , 50 , 118
51 , 118 , 52 , 118 , 53
118 , 49 , 118 , 50 , 118
51 , 118 , 52 , 118 , 53
118 , 49 , 118 , 50 , 118
51 , 118 , 52 , 118 , 53
118 , 49 , 118 , 50 , 118
51 , 118 , 52 , 118 , 53
118 , 49 , 118 , 50 , 118
51 , 118 , 52 , 118 , 53
118 , 49 , 118 , 50 , 118
51 , 118 , 52 , 118 , 53
118 , 49 , 118 , 50 , 118
51 , 118 , 52 , 118 , 53
118 , 49 , 118 , 50 , 118
51 , 118 , 52 , 118 , 53
118 , 49 , 118 , 50 , 118
51 , 118 , 52 , 118 , 53
118 , 49 , 118 , 50 , 118
51 , 118 , 52 , 118 , 53
118 , 49 , 118 , 50 , 118
51 , 118 , 52 , 118 , 53
118 , 49 , 118 , 50 , 118
51 , 118 , 52 , 118 , 53
118 , 49 , 118 , 50 , 118
51 , 118 , 52 , 118 , 53
118 , 49 , 118 , 50 , 118
51 , 118 , 52 , 118 , 53
118 , 49 , 118 , 50 , 118
51 , 118 , 52 , 118 , 53
118 , 49 , 118 , 50 , 118
51 , 118 , 52 , 118 , 53
118 , 49 , 118 , 50 , 118
51 , 118 , 52 , 118 , 53
118 , 49 , 118 , 50 , 118
51 , 118 , 52 , 118 , 53
118 , 49 , 118 , 50 , 118
51 , 118 , 52 , 118 , 53
118 , 49 , 118 , 50 , 118
51 , 118 , 52 , 118 , 53
118 , 49 , 118 , 50 , 118
51 , 118 , 52 , 118 , 53
118 , 49 , 118 , 50 , 118
51 , 118 , 52 , 118 , 53
118 , 49 , 118 , 50 , 118
51 , 118 , 52 , 118 , 53
118 , 49 , 118 , 50 , 118
51 , 118 , 52 , 118 , 53
118 , 49 , 118 , 50 , 118
51 , 118 , 52 , 118 , 53
118 , 49 , 118 , 50 , 118
51 , 118 , 52 , 118 , 53
118 , 49 , 118 , 50 , 118
51 , 118 , 52 , 118 , 53
118 , 49 , 118 , 50 , 118
51 , 118 , 52 , 118 , 53
118 , 49 , 118 , 50 , 118
51 , 118 , 52 , 118 , 53
118 , 49 , 118 , 50 , 118
51 , 118 , 52 , 118 , 53
118 , 49 , 118 , 50 , 118
51 , 118 , 52 , 118 , 53
118 , 49 , 118 , 50 , 118
51 , 118 , 52 , 118 , 53
118 , 49 , 118 , 50 , 118
51 , 118 , 52 , 118 , 53
118 , 49 , 118 , 50 , 118
51 , 118 , 52 , 118 , 53
118 , 49 , 118 , 50 , 118
51 , 118 , 52 , 118 , 53
118 , 49 , 118 , 50 , 118
51 , 118 , 52 , 118 , 53
118 , 49 , 118 , 50 , 118
51 , 118 , 52 , 118 , 53
118 , 49 , 118 , 50 , 118
51 , 118 , 52 , 118 , 53
118 , 49 , 118 , 50 , 118
51 , 118 , 52 , 118 , 53
118 , 49 , 118 , 50 , 118
51 , 118 , 52 , 118 , 53
118 , 49 , 118 , 50 , 118
51 , 118 , 52 , 118 , 53
118 , 49 , 118 , 50 , 118
51 , 118 , 52 , 118 , 53
118 , 49 , 118 , 50 , 118
51 , 118 , 52 , 118 , 53
118 , 49 , 118 , 50 , 118
51 , 118 , 52 , 118 , 53
118 , 49 , 118 , 50 , 118
51 , 118 , 52 , 118 , 53
118 , 49 , 118 , 50 , 118
51 , 118 , 52 , 118 , 53
118 , 49 , 118 , 50 , 118
51 , 118 , 52 , 118 , 53
118 , 49 , 118 , 50 , 118
51 , 118 , 52 , 118 , 53
118 , 49 , 118 , 50 , 118
51 , 118 , 52 , 118 , 53
118 , 49 , 118 , 50 , 118
51 , 118 , 52 , 118 , 53
118 , 49 , 118 , 50 , 118
51 , 118 , 52 , 118 , 53
118 , 49 , 118 , 50 , 118
51 , 118 , 52 , 118 , 53
118 , 49 , 118 , 50 , 118
51 , 118 , 52 , 118 , 53
118 , 49 , 118 , 50 , 118
51 , 118 , 52 , 118 , 53
118 , 49 , 118 , 50 , 118
51 , 118 , 52 , 118 , 53
118 , 49 , 118 , 50 , 118
51 , 118 , 52 , 118 , 53
118 , 49 , 118 , 50 , 118
51 , 118 , 52 , 118 , 53
118 , 49 , 118 , 50 , 118
51 , 118 , 52 , 118 , 53
118 , 49 , 118 , 50 , 118
51 , 118 , 52 , 118 , 53
118 , 49 , 118 , 50 , 118
51 , 118 , 52 , 118 , 53
118 , 49 , 118 , 50 , 118
51 , 118 , 52 , 118 , 53
118 , 49 , 118 , 50 , 118
51 , 118 , 52 , 118 , 53
118 , 49 , 118 , 50 , 118
51 , 118 , 52 , 118 , 53
118 , 49 , 118 , 50 , 118
51 , 118 , 52 , 118 , 53
118 , 49 , 118 , 50 , 118
51 , 118 , 52 , 118 , 53
118 , 49 , 118 , 50 , 118
51 , 118 , 52 , 118 , 53
118 , 49 , 118 , 50 , 118
51 , 118 , 52 , 118 , 53
118 , 49 , 118 , 50 , 118
51 , 118 , 52 , 118 , 53
118 , 49 , 118 , 50 , 118
51 , 118 , 52 , 118 , 53
118 , 49 , 118 , 50 , 118
51 , 118 , 52 , 118 , 53
118 , 49 , 118 , 50 , 118
51 , 118 , 52 , 118 , 53
118 , 49 , 118 , 50 , 118
51 , 118 , 52 , 118 , 53
118 , 49 , 118 , 50 , 118
51 , 118 , 52 , 118 , 53
118 , 49 , 118 , 50 , 118
51 , 118 , 52 , 118 , 53
118 , 49 , 118 , 50 , 118
51 , 118 , 52 , 118 , 53
118 , 49 , 118 , 50 , 118
51 , 118 , 52 , 118 , 53
118 , 49 , 118 , 50 , 118
51 , 118 , 52 , 118 , 53
118 , 49 , 118 , 50 , 118
51 , 118 , 52 , 118 , 53
118 , 49 , 118 , 50 , 118
51 , 118 , 52 , 118 , 53
118 , 49 , 118 , 50 , 118
51 , 118 , 52 , 118 , 53
118 , 49 , 118 , 50 , 118
51 , 118 , 52 , 118 , 53
118 , 49 , 118 , 50 , 118
51 , 118 , 52 , 118 , 53
118 , 49 , 118 , 50 , 118
51 , 118 , 52 , 118 , 53
118 , 49 , 118 , 50 , 118
51 , 118 , 52 , 118 , 53
118 , 49 , 118 , 50 , 118
51 , 118 , 52 , 118 , 53
118 , 49 , 118 , 50 , 118
51 , 118 , 52 , 118 , 53
118 , 49 , 118 , 50 , 118
51 , 118 , 52 , 118 , 53
118 , 49 , 118 , 50 , 118
51 , 118 , 52 , 118 , 53
118 , 49 , 118 , 50 , 118
51 , 118 , 52 , 118 , 53
118 , 49 , 118 , 50 , 118
51 , 118 , 52 , 118 , 53
118 , 49 , 118 , 50 , 118
51 , 118 , 52 , 118 , 53
118 , 49 , 118 , 50 , 118
51 , 118 , 52 , 118 , 53
118 , 49 , 118 , 50 , 118
51 , 118 , 52 , 118 , 53
118 , 49 , 118 , 50 , 118
51 , 118 , 52 , 118 , 53
118 , 49 , 118 , 50 , 118
51 , 118 , 52 , 118 , 53
118 , 49 , 118 , 50 , 118
51 , 118 , 52 , 118 , 53
118 , 49 , 118 , 50 , 118
51 , 118 , 52 , 118 , 53
118 , 49 , 118 , 50 , 118
51 , 118 , 52 , 118 , 53
118 , 49 , 118 , 50 , 118
51 , 118 , 52 , 118 , 53
118 , 49 , 118 , 50 , 118
51 , 118 , 52 , 118 , 53
118 , 49 , 118 , 50 , 118
51 , 118 , 52 , 118 , 53
118 , 49 , 118 , 50 , 118
51 , 118 , 52 , 118 , 53
118 , 49 , 118 , 50 , 118
51 , 118 , 52 , 118 , 53
118 , 49 , 118 , 50 , 118
51 , 118 , 52 , 118 , 53
118 , 49 , 118 , 50 , 118
51 , 118 , 52 , 118 , 53
118 , 49 , 118 , 50 , 118
51 , 118 , 52 , 118 , 53
118 , 49 , 118 , 50 , 118
51 , 118 , 52 , 118 , 53
118 , 49 , 118 , 50 , 118
51 , 118 , 52 , 118 , 53
118 , 49 , 118 , 50 , 118
51 , 118 , 52 , 118 , 53
118 , 49 , 118 , 50 , 118
51 , 118 , 52 , 118 , 53
118 , 49 , 118 , 50 , 118
51 , 118 , 52 , 118 , 53
118 , 49 , 118 , 50 , 118
51 , 118 , 52 , 118 , 53
118 , 49 , 118 , 50 , 118
51 , 118 , 52 , 118 , 53
118 , 49 , 118 , 50 , 118
51 , 118 , 52 , 118 , 53
118 , 49 , 118 , 50 , 118
51 , 118 , 52 , 118 , 53
118 , 49 , 118 , 50 , 118
51 , 118 , 52 , 118 , 53
118 , 49 , 118 , 50 , 118
51 , 118 , 52 , 118 , 53
118 , 49 , 118 , 50 , 118
51 , 118 , 52 , 118 , 53
118 , 49 , 118 , 50 , 118
51 , 118 , 52 , 118 , 53
118 , 49 , 118 , 50 , 118
51 , 118 , 52 , 118 , 53
118 , 49 , 118 , 50 , 118
51 , 118 , 52 , 118 , 53
118 , 49 , 118 , 50 , 118
51 , 118 , 52 , 118 , 53
118 , 49 , 118 , 50 , 118
51 , 118 , 52 , 118 , 53
118 , 49 , 118 , 50 , 118
51 , 118 , 52 , 118 , 53
118 , 49 , 118 , 50 , 118
51 , 118 , 52 , 118 , 53
118 , 49 , 118 , 50 , 118
51 , 118 , 52 , 118 , 53
118 , 49 , 118 , 50 , 118
51 , 118 , 52 , 118 , 53
118 , 49 , 118 , 50 , 118
51 , 118 , 52 , 118 , 53
118 , 49 , 118 , 50 , 118
51 , 118 , 52 , 118 , 53
118 , 49 , 118 , 50 , 118
51 , 118 , 52 , 118 , 53
118 , 49 , 118 , 50 , 118
51 , 118 , 52 , 118 , 53
118 , 49 , 118 , 50 , 118
51 , 118 , 52 , 118 , 53
118 , 49 , 118 , 50 , 118
51 , 118 , 52 , 118 , 53
118 , 49 , 118 , 50 , 118
51 , 118 , 52 , 118 , 53
118 , 49 , 118 , 50 , 118
51 , 118 , 52 , 118 , 53
118 , 49 , 118 , 50 , 118
51 , 118 , 52 , 118 , 53
118 , 49 , 118 , 50 , 118
51 , 118 , 52 , 118 , 53
118 , 49 , 118 , 50 , 118
51 , 118 , 52 , 118 , 53
118 , 49 , 118 , 50 , 118
51 , 118 , 52 , 118 , 53
118 , 49 , 118 , 50 , 118
51 , 118 , 52 , 118 , 53
118 , 49 , 118 , 50 , 118
51 , 118 , 52 , 118 , 53
118 , 49 , 118 , 50 , 118
51 , 118 , 52 , 118 , 53
118 , 49 , 118 , 50 , 118
51 , 118 , 52 , 118 , 53
118 , 49 , 118 , 50 , 118
51 , 118 , 52 , 118 , 53
118 , 49 , 118 , 50 , 118
51 , 118 , 52 , 118 , 53
118 , 49 , 118 , 50 , 118
51 , 118 , 52 , 118 , 53
118 , 49 , 118 , 50 , 118
51 , 118 , 52 , 118 , 53
118 , 49 , 118 , 50 , 118
51 , 118 , 52 , 118 , 53
118 , 49 , 118 , 50 , 118
51 , 118 , 52 , 118 , 53
118 , 49 , 118 , 50 , 118
51 , 118 , 52 , 118 , 53
118 , 49 , 118 , 50 , 118
51 , 118 , 52 , 118 , 53
118 , 49 , 118 , 50 , 118
51 , 118 , 52 , 118 , 53
118 , 49 , 118 , 50 , 118
51 , 118 , 52 , 118 , 53
118 , 49 , 118 , 50 , 118
51 , 118 , 52 , 118 , 53
118 , 49 , 118 , 50 , 118
51 , 118 , 52 , 118 , 53
118 , 49 , 118 , 50 , 118
51 , 118 , 52 , 118 , 53
118 , 49 , 118 , 50 , 118
51 , 118 , 52 , 118 , 53
118 , 49 , 118 , 50 , 118
51 , 118 , 52 , 118 , 53
118 , 49 , 118 , 50 , 118
51 , 118 , 52 , 118 , 53
118 , 49 , 118 , 50 , 118
51 , 118 , 52 , 118 , 53
118 , 49 , 118 , 50 , 118
51 , 118 , 52 , 118 , 53
118 , 49 , 118 , 50 , 118
51 , 118 , 52 , 118 , 53
118 , 49 , 118 , 50 , 118
51 , 118 , 52 , 118 , 53
118 , 49 , 118 , 50 , 118
51 , 118 , 52 , 118 , 53
118 , 49 , 118 , 50 , 118
51 , 118 , 52 , 118 , 53
118 , 49 , 118 , 50 , 118
51 , 118 , 52 , 118 , 53
118 , 49 , 118 , 50 , 118
51 , 118 , 52 , 118 , 53
118 , 49 , 118 , 50 , 118
51 , 118 , 52 , 118 , 53
118 , 49 , 118 , 50 , 118
51 , 118 , 52 , 118 , 53
118 , 49 , 118 , 50 , 118
51 , 118 , 52 , 118 , 53
118 , 49 , 118 , 50 , 118
51 , 118 , 52 , 118 , 53
118 , 49 , 118 , 50 , 118
51 , 118 , 52 , 118 , 53
118 , 49 , 118 , 50 , 118
51 , 118 , 52 , 118 , 53
118 , 49 , 118 , 50 , 118
51 , 118 , 52 , 118 , 53
118 , 49 , 118 , 50 , 118
51 , 118 , 52 , 118 , 53
118 , 49 , 118 , 50 , 118
51 , 118 , 52 , 118 , 53
118 , 49 , 118 , 50 , 118
51 , 118 , 52 , 118 , 53
118 , 49 , 118 , 50 , 118
51 , 118 , 52 , 118 , 53
118 , 49 , 118 , 50 , 118
51 , 118 , 52 , 118 , 53
118 , 49 , 118 , 50 , 118
51 , 118 , 52 , 118 , 53
118 , 49 , 118 , 50 , 118
51 , 118 , 52 , 118 , 53
118 , 49 , 118 , 50 , 118
51 , 118 , 52 , 118 , 53
118 , 49 , 118 , 50 , 118
51 , 118 , 52 , 118 , 53
118 , 49 , 118 , 50 , 118
51 , 118 , 52 , 118 , 53
118 , 49 , 118 , 50 , 118
51 , 118 , 52 , 118 , 53
118 , 49 , 118 , 50 , 118
51 , 118 , 52 , 118 , 53
118 , 49 , 118 , 50 , 118
51 , 118 , 52 , 118 , 53
118 , 49 , 118 , 50 , 118
51 , 118 , 52 , 118 , 53
118 , 49 , 118 , 50 , 118
51 , 118 , 52 , 118 , 53
118 , 49 , 118 , 50 , 118
51 , 118 , 52 , 118 , 53
118 , 49 , 118 , 50 , 118
51 , 118 , 52 , 118 , 53
118 , 49 , 118 , 50 , 118
51 , 118 , 52 , 118 , 53
118 , 49 , 118 , 50 , 118
51 , 118 , 52 , 118 , 53
118 , 49 , 118 , 50 , 118
51 , 118 , 52 , 118 , 53
118 , 49 , 118 , 50 , 118
51 , 118 , 52 , 118 , 53
118 , 49 , 118 , 50 , 118
51 , 118 , 52 , 118 , 53
118 , 49 , 118 , 50 , 118
51 , 118 , 52 , 118 , 53
118 , 49 , 118 , 50 , 118
51 , 118 , 52 , 118 , 53
118 , 49 , 118 , 50 , 118
51 , 118 , 52 , 118 , 53
118 , 49 , 118 , 50 , 118
51 , 118 , 52 , 118 , 53
118 , 49 , 118 , 50 , 118
51 , 118 , 52 , 118 , 53
118 , 49 , 118 , 50 , 118
51 , 118 , 52 , 118 , 53
118 , 49 , 118 , 50 , 118
51 , 118 , 52 , 118 , 53
118 , 49 , 118 , 50 , 118
51 , 118 , 52 , 118 , 53
118 , 49 , 118 , 50 , 118
51 , 118 , 52 , 118 , 53
118 , 49 , 118 , 50 , 118
51 , 118 , 52 , 118 , 53
118 , 49 , 118 , 50 , 118
51 , 118 , 52 , 118 , 53
118 , 49 , 118 , 50 , 118
51 , 118 , 52 , 118 , 53
118 , 49 , 118 , 50 , 118
51 , 118 , 52 , 118 , 53
118 , 49 , 118 , 50 , 118
51 , 118 , 52 , 118 , 53
118 , 49 , 118 , 50 , 118
51 , 118 , 52 , 118 , 53
118 , 49 , 118 , 50 , 118
51 , 118 , 52 , 118 , 53
118 , 49 , 118 , 50 , 118
51 , 118 , 52 , 118 , 53
118 , 49 , 118 , 50 , 118
51 , 118 , 52 , 118 , 53
118 , 49 , 118 , 50 , 118
51 , 118 , 52 , 118 , 53
118 , 49 , 118 , 50 , 118
51 , 118 , 52 , 118 , 53
118 , 49 , 118 , 50 , 118
51 , 118 , 52 , 118 , 53
118 , 49 , 118 , 50 , 118
51 , 118 , 52 , 118 , 53
118 , 49 , 118 , 50 , 118
51 , 118 , 52 , 118 , 53
118 , 49 , 118 , 50 , 118
51 , 118 , 52 , 118 , 53
118 , 49 , 118 , 50 , 118
51 , 118 , 52 , 118 , 53
118 , 49 , 118 , 50 , 118
51 , 118 , 52 , 118 , 53
118 , 49 , 118 , 50 , 118
51 , 118 , 52 , 118 , 53
118 , 49 , 118 , 50 , 118
51 , 118 , 52 , 118 , 53
118 , 49 , 118 , 50 , 118
51 , 118 , 52 , 118 , 53
118 , 49 , 118 , 50 , 118
51 , 118 , 52 , 118 , 53
118 , 49 , 118 , 50 , 118
51 , 118 , 52 , 118 , 53
118 , 49 , 118 , 50 , 118
51 , 118 , 52 , 118 , 53
118 , 49 , 118 , 50 , 118
51 , 118 , 52 , 118 , 53
118 , 49 , 118 , 50 , 118
51 , 118 , 52 , 118 , 53
118 , 49 , 118 , 50 , 118
51 , 118 , 52 , 118 , 53
118 , 49 , 118 , 50 , 118
51 , 118 , 52 , 118 , 53
118 , 49 , 118 , 50 , 118
51 , 118 , 52 , 118 , 53
118 , 49 , 118 , 50 , 118
51 , 118 , 52 , 118 , 53
118 , 49 , 118 , 50 , 118
51 , 118 , 52 , 118 , 53
118 , 49 , 118 , 50 , 118
51 , 118 , 52 , 118 , 53
118 , 49 , 118 , 50 , 118
51 , 118 , 52 , 118 , 53
118 , 49 , 118 , 50 , 118
51 , 118 , 52 , 118 , 53
118 , 49 , 118 , 50 , 118
51 , 118 , 52 , 118 , 53
118 , 49 , 118 , 50 , 118
51 , 118 , 52 , 118 , 53
118 , 49 , 118 , 50 , 118
51 , 118 , 52 , 118 , 53
118 , 49 , 118 , 50 , 118
51 , 118 , 52 , 118 , 53
118 , 49 , 118 , 50 , 118
51 , 118 , 52 , 118 , 53
118 , 49 , 118 , 50 , 118
51 , 118 , 52 , 118 , 53
118 , 49 , 118 , 50 , 118
51 , 118 , 52 , 118 , 53
118 , 49 , 118 , 50 , 118
51 , 118 , 52 , 118 , 53
118 , 49 , 118 , 50 , 118
51 , 118 , 52 , 118 , 53
118 , 49 , 118 , 50 , 118
51 , 118 , 52 , 118 , 53
118 , 49 , 118 , 50 , 118
51 , 118 , 52 , 118 , 53
118 , 49 , 118 , 50 , 118
51 , 118 , 52 , 118 , 53
118 , 49 , 118 , 50 , 118
51 , 118 , 52 , 118 , 53
118 , 49 , 118 , 50 , 118
51 , 118 , 52 , 118 , 53
118 , 49 , 118 , 50 , 118
51 , 118 , 52 , 118 , 53
118 , 49 , 118 , 50 , 118
51 , 118 , 52 , 118 , 53
118 , 49 , 118 , 50 , 118
51 , 118 , 52 , 118 , 53
118 , 49 , 118 , 50 , 118
51 , 118 , 52 , 118 , 53
118 , 49 , 118 , 50 , 118
51 , 118 , 52 , 118 , 53
118 , 49 , 118 , 50 , 118
51 , 118 , 52 , 118 , 53
118 , 49 , 118 , 50 , 118
51 , 118 , 52 , 118 , 53
118 , 49 , 118 , 50 , 118
51 , 118 , 52 , 118 , 53
118 , 49 , 118 , 50 , 118
51 , 118 , 52 , 118 , 53
118 , 49 , 118 , 50 , 118
51 , 118 , 52 , 118 , 53
118 , 49 , 118 , 50 , 118
51 , 118 , 52 , 118 , 53
118 , 49 , 118 , 50 , 118
51 , 118 , 52 , 118 , 53
118 , 49 , 118 , 50 , 118
51 , 118 , 52 , 118 , 53
118 , 49 , 118 , 50 , 118
51 , 118 , 52 , 118 , 53
118 , 49 , 118 , 50 , 118
51 , 118 , 52 , 118 , 53
118 , 49 , 118 , 50 , 118
51 , 118 , 52 , 118 , 53
118 , 49 , 118 , 50 , 118
51 , 118 , 52 , 118 , 53
118 , 49 , 118 , 50 , 118
51 , 118 , 52 , 118 , 53
118 , 49 , 118 , 50 , 118
51 , 118 , 52 , 118 , 53
118 , 49 , 118 , 50 , 118
51 , 118 , 52 , 118 , 53
118 , 49 , 118 , 50 , 118
51 , 118 , 52 , 118 , 53
118 , 49 , 118 , 50 , 118
51 , 118 , 52 , 118 , 53
118 , 49 , 118 , 50 , 118
51 , 118 , 52 , 118 , 53
118 , 49 , 118 , 50 , 118
51 , 118 , 52 , 118 , 53
118 , 49 , 118 , 50 , 118
51 , 118 , 52 , 118 , 53
118 , 49 , 118 , 50 , 118
51 , 118 , 52 , 118 , 53
118 , 49 , 118 , 50 , 118
51 , 118 , 52 , 118 , 53
118 , 49 , 118 , 50 , 118
51 , 118 , 52 , 118 , 53
118 , 49 , 118 , 50 , 118
51 , 118 , 52 , 118 , 53
118 , 49 , 118 , 50 , 118
51 , 118 , 52 , 118 , 53
118 , 49 , 118 , 50 , 118
51 , 118 , 52 , 118 , 53
118 , 49 , 118 , 50 , 118
51 , 118 , 52 , 118 , 53
118 , 49 , 118 , 50 , 118
51 , 118 , 52 , 118 , 53
118 , 49 , 118 , 50 , 118
51 , 118 , 52 , 118 , 53
118 , 49 , 118 , 50 , 118
51 , 118 , 52 , 118 , 53
118 , 49 , 118 , 50 , 118
51 , 118 , 52 , 118 , 53
118 , 49 , 118 , 50 , 118
51 , 118 , 52 , 118 , 53
118 , 49 , 118 , 50 , 118
51 , 118 , 52 , 118 , 53
118 , 49 , 118 , 50 , 118
51 , 118 , 52 , 118 , 53
118 , 49 , 118 , 50 , 118
51 , 118 , 52 , 118 , 53
118 , 49 , 118 , 50 , 118
51 , 118 , 52 , 118 , 53
118 , 49 , 118 , 50 , 118
51 , 118 , 52 , 118 , 53
118 , 49 , 118 , 50 , 118
51 , 118 , 52 , 118 , 53
118 , 49 , 118 , 50 , 118
51 , 118 , 52 , 118 , 53
118 , 49 , 118 , 50 , 118
51 , 118 , 52 , 118 , 53
118 , 49 , 118 , 50 , 118
51 , 118 , 52 , 118 , 53
118 , 49 , 118 , 50 , 118
51 , 118 , 52 , 118 , 53
118 , 49 , 118 , 50 , 118
51 , 118 , 52 , 118 , 53
118 , 49 , 118 , 50 , 118
51 , 118 , 52 , 118 , 53
118 , 49 , 118 , 50 , 118
51 , 118 , 52 , 118 , 53
118 , 49 , 118 , 50 , 118
51 , 118 , 52 , 118 , 53
118 , 49 , 118 , 50 , 118
51 , 118 , 52 , 118 , 53
118 , 49 , 118 , 50 , 118
51 , 118 , 52 , 118 , 53
118 , 49 , 118 , 50 , 118
51 , 118 , 52 , 118 , 53
118 , 49 , 118 , 50 , 118
51 , 118 , 52 , 118 , 53
118 , 49 , 118 , 50 , 118
51 , 118 , 52 , 118 , 53
118 , 49 , 118 , 50 , 118
51 , 118 , 52 , 118 , 53
118 , 49 , 118 , 50 , 118
51 , 118 , 52 , 118 , 53
118 , 49 , 118 , 50 , 118
51 , 118 , 52 , 118 , 53
118 , 49 , 118 , 50 , 118
51 , 118 , 52 , 118 , 53
118 , 49 , 118 , 50 , 118
51 , 118 , 52 , 118 , 53
118 , 49 , 118 , 50 , 118
51 , 118 , 52 , 118 , 53
118 , 49 , 118 , 50 , 118
51 , 118 , 52 , 118 , 53
118 , 49 , 118 , 50 , 118
51 , 118 , 52 , 118 , 53
118 , 49 , 118 , 50 , 118
51 , 118 , 52 , 118 , 53
118 , 49 , 118 , 50 , 118
51 , 118 , 52 , 118 , 53
118 , 49 , 118 , 50 , 118
51 , 118 , 52 , 118 , 53
118 , 49 , 118 , 50 , 118
51 , 118 , 52 , 118 , 53
118 , 49 , 118 , 50 , 118
51 , 118 , 52 , 118 , 53
118 , 49 , 118 , 50 , 118
51 , 118 , 52 , 118 , 53
118 , 49 , 118 , 50 , 118
51 , 118 , 52 , 118 , 53
118 , 49 , 118 , 50 , 118
51 , 118 , 52 , 118 , 53
118 , 49 , 118 , 50 , 118
51 , 118 , 52 , 118 , 53
118 , 49 , 118 , 50 , 118
51 , 118 , 52 , 118 , 53
118 , 49 , 118 , 50 , 118
51 , 118 , 52 , 118 , 53
118 , 49 , 118 , 50 , 118
51 , 118 , 52 , 118 , 53
118 , 49 , 118 , 50 , 118
51 , 118 , 52 , 118 , 53
118 , 49 , 118 , 50 , 118
51 , 118 , 52 , 118 , 53
118 , 49 , 118 , 50 , 118
51 , 118 , 52 , 118 , 53
118 , 49 , 118 , 50 , 118
51 , 118 , 52 , 118 , 53
118 , 49 , 118 , 50 , 118
51 , 118 , 52 , 118 , 53
118 , 49 , 118 , 50 , 118
51 , 118 , 52 , 118 , 53
118 , 49 , 118 , 50 , 118
51 , 118 , 52 , 118 , 53
118 , 49 , 118 , 50 , 118
51 , 118 , 52 , 118 , 53
118 , 49 , 118 , 50 , 118
51 , 118 , 52 , 118 , 53
118 , 49 , 118 , 50 , 118
51 , 118 , 52 , 118 , 53
118 , 49 , 118 , 50 , 118
51 , 118 , 52 , 118 , 53
118 , 49 , 118 , 50 , 118
51 , 118 , 52 , 118 , 53
118 , 49 , 118 , 50 , 118
51 , 118 , 52 , 118 , 53
118 , 49 , 118 , 50 , 118
51 , 118 , 52 , 118 , 53
118 , 49 , 118 , 50 , 118
51 , 118 , 52 , 118 , 53
118 , 49 , 118 , 50 , 118
51 , 118 , 52 , 118 , 53
118 , 49 , 118 , 50 , 118
51 , 118 , 52 , 118 , 53
118 , 49 , 118 , 50 , 118
51 , 118 , 52 , 118 , 53
118 , 49 , 118 , 50 , 118
51 , 118 , 52 , 118 , 53
118 , 49 , 118 , 50 , 118
51 , 118 , 52 , 118 , 53
118 , 49 , 118 , 50 , 118
51 , 118 , 52 , 118 , 53
118 , 49 , 118 , 50 , 118
51 , 118 , 52 , 118 , 53
118 , 49 , 118 , 50 , 118
51 , 118 , 52 , 118 , 53
118 , 49 , 118 , 50 , 118
51 , 118 , 52 , 118 , 53
118 , 49 , 118 , 50 , 118
51 , 118 , 52 , 118 , 53
118 , 49 , 118 , 50 , 118
51 , 118 , 52 , 118 , 53
118 , 49 , 118 , 50 , 118
51 , 118 , 52 , 118 , 53
118 , 49 , 118 , 50 , 118
51 , 118 , 52 , 118 , 53
118 , 49 , 118 , 50 , 118
51 , 118 , 52 , 118 , 53
118 , 49 , 118 , 50 , 118
51 , 118 , 52 , 118 , 53
118 , 49 , 118 , 50 , 118
51 , 118 , 52 , 118 , 53
118 , 49 , 118 , 50 , 118
51 , 118 , 52 , 118 , 53
118 , 49 , 118 , 50 , 118
51 , 118 , 52 , 118 , 53
118 , 49 , 118 , 50 , 118
51 , 118 , 52 , 118 , 53
118 , 49 , 118 , 50 , 118
51 , 118 , 52 , 118 , 53
118 , 49 , 118 , 50 , 118
51 , 118 , 52 , 118 , 53
118 , 49 , 118 , 50 , 118
51 , 118 , 52 , 118 , 53
118 , 49 , 118 , 50 , 118
51 , 118 , 52 , 118 , 53
118 , 49 , 118 , 50 , 118
51 , 118 , 52 , 118 , 53
118 , 49 , 118 , 50 , 118
51 , 118 , 52 , 118 , 53
118 , 49 , 118 , 50 , 118
51 , 118 , 52 , 118 , 53
118 , 49 , 118 , 50 , 118
51 , 118 , 52 , 118 , 53
118 , 49 , 118 , 50 , 118
51 , 118 , 52 , 118 , 53
118 , 49 , 118 , 50 , 118
51 , 118 , 52 , 118 , 53
118 , 49 , 118 , 50 , 118
51 , 118 , 52 , 118 , 53
118 , 49 , 118 , 50 , 118
51 , 118 , 52 , 118 , 53
118 , 49 , 118 , 50 , 118
51 , 118 , 52 , 118 , 53
118 , 49 , 118 , 50 , 118
51 , 118 , 52 , 118 , 53
118 , 49 , 118 , 50 , 118
51 , 118 , 52 , 118 , 53
118 , 49 , 118 , 50 , 118
51 , 118 , 52 , 118 , 53
118 , 49 , 118 , 50 , 118
51 , 118 , 52 , 118 , 53
118 , 49 , 118 , 50 , 118
51 , 118 , 52 , 118 , 53
118 , 49 , 118 , 50 , 118
51 , 118 , 52 , 118 , 53
118 , 49 , 118 , 50 , 118
51 , 118 , 52 , 118 , 53
118 , 49 , 118 , 50 , 118
51 , 118 , 52 , 118 , 53
118 , 49 , 118 , 50 , 118
51 , 118 , 52 , 118 , 53
118 , 49 , 118 , 50 , 118
51 , 118 , 52 , 118 , 53
118 , 49 , 118 , 50 , 118
51 , 118 , 52 , 118 , 53
118 , 49 , 118 , 50 , 118
51 , 118 , 52 , 118 , 53
118 , 49 , 118 , 50 , 118
51 , 118 , 52 , 118 , 53
118 , 49 , 118 , 50 , 118
51 , 118 , 52 , 118 , 53
118 , 49 , 118 , 50 , 118
51 , 118 , 52 , 118 , 53
118 , 49 , 118 , 50 , 118
51 , 118 , 52 , 118 , 53
118 , 49 , 118 , 50 , 118
51 , 118 , 52 , 118 , 53
118 , 49 , 118 , 50 , 118
51 , 118 , 52 , 118 , 53
118 , 49 , 118 , 50 , 118
51 , 118 , 52 , 118 , 53
118 , 49 , 118 , 50 , 118
51 , 118 , 52 , 118 , 53
118 , 49 , 118 , 50 , 118
51 , 118 , 52 , 118 , 53
118 , 49 , 118 , 50 , 118
51 , 118 , 52 , 118 , 53
118 , 49 , 118 , 50 , 118
51 , 118 , 52 , 118 , 53
118 , 49 , 118 , 50 , 118
51 , 118 , 52 , 118 , 53
118 , 49 , 118 , 50 , 118
51 , 118 , 52 , 118 , 53
118 , 49 , 118 , 50 , 118
51 , 118 , 52 , 118 , 53
118 , 49 , 118 , 50 , 118
51 , 118 , 52 , 118 , 53
118 , 49 , 118 , 50 , 118
51 , 118 , 52 , 118 , 53
118 , 49 , 118 , 50 , 118
51 , 118 , 52 , 118 , 53
118 , 49 , 118 , 50 , 118
51 , 118 , 52 , 118 , 53
118 , 49 , 118 , 50 , 118
51 , 118 , 52 , 118 , 53
118 , 49 , 118 , 50 , 118
51 , 118 , 52 , 118 , 53
118 , 49 , 118 , 50 , 118
51 , 118 , 52 , 118 , 53
118 , 49 , 118 , 50 , 118
51 , 118 , 52 , 118 , 53
118 , 49 , 118 , 50 , 118
51 , 118 , 52 , 118 , 53
118 , 49 , 118 , 50 , 118
51 , 118 , 52 , 118 , 53
118 , 49 , 118 , 50 , 118
51 , 118 , 52 , 118 , 53
118 , 49 , 118 , 50 , 118
51 , 118 , 52 , 118 , 53
118 , 49 , 118 , 50 , 118
51 , 118 , 52 , 118 , 53
118 , 49 , 118 , 50 , 118
51 , 118 , 52 , 118 , 53
118 , 49 , 118 , 50 , 118
51 , 118 , 52 , 118 , 53
118 , 49 , 118 , 50 , 118
51 , 118 , 52 , 118 , 53
118 , 49 , 118 , 50 , 118
51 , 118 , 52 , 118 , 53
118 , 49 , 118 , 50 , 118
51 , 118 , 52 , 118 , 53
118 , 49 , 118 , 50 , 118
51 , 118 , 52 , 118 , 53
118 , 49 , 118 , 50 , 118
51 , 118 , 52 , 118 , 53
118 , 49 , 118 , 50 , 118
51 , 118 , 52 , 118 , 53
118 , 49 , 118 , 50 , 118
51 , 118 , 52 , 118 , 53
118 , 49 , 118 , 50 , 118
51 , 118 , 52 , 118 , 53
118 , 49 , 118 , 50 , 118
51 , 118 , 52 , 118 , 53
118 , 49 , 118 , 50 , 118
51 , 118 , 52 , 118 , 53
118 , 49 , 118 , 50 , 118
51 , 118 , 52 , 118 , 53
118 , 49 , 118 , 50 , 118
51 , 118 , 52 , 118 , 53
118 , 49 , 118 , 50 , 118
51 , 118 , 52 , 118 , 53
118 , 49 , 118 , 50 , 118
51 , 118 , 52 , 118 , 53
118 , 49 , 118 , 50 , 118
51 , 118 , 52 , 118 , 53
118 , 49 , 118 , 50 , 118
51 , 118 , 52 , 118 , 53
118 , 49 , 118 , 50 , 118
51 , 118 , 52 , 118 , 53
118 , 49 , 118 , 50 , 118
51 , 118 , 52 , 118 , 53
118 , 49 , 118 , 50 , 118
51 , 118 , 52 , 118 , 53
118 , 49 , 118 , 50 , 118
51 , 118 , 52 , 118 , 53
118 , 49 , 118 , 50 , 118
51 , 118 , 52 , 118 , 53
118 , 49 , 118 , 50 , 118
51 , 118 , 52 , 118 , 53
118 , 49 , 118 , 50 , 118
51 , 118 , 52 , 118 , 53
118 , 49 , 118 , 50 , 118
51 , 118 , 52 , 118 , 53
118 , 49 , 118 , 50 , 118
51 , 118 , 52 , 118 , 53
118 , 49 , 118 , 50 , 118
51 , 118 , 52 , 118 , 53
118 , 49 , 118 , 50 , 118
51 , 118 , 52 , 118 , 53
118 , 49 , 118 , 50 , 118
51 , 118 , 52 , 118 , 53
118 , 49 , 118 , 50 , 118
51 , 118 , 52 , 118 , 53
118 , 49 , 118 , 50 , 118
51 , 118 , 52 , 118 , 53
118 , 49 , 118 , 50 , 118
51 , 118 , 52 , 118 , 53
118 , 49 , 118 , 50 , 118
51 , 118 , 52 , 118 , 53
118 , 49 , 118 , 50 , 118
51 , 118 , 52 , 118 , 53
118 , 49 , 118 , 50 , 118
51 , 118 , 52 , 118 , 53
118 , 49 , 118 , 50 , 118
51 , 118 , 52 , 118 , 53
118 , 49 , 118 , 50 , 118
51 , 118 , 52 , 118 , 53
118 , 49 , 118 , 50 , 118
51 , 118 , 52 , 118 , 53
118 , 49 , 118 , 50 , 118
51 , 118 , 52 , 118 , 53
118 , 49 , 118 , 50 , 118
51 , 118 , 52 , 118 , 53
118 , 49 , 118 , 50 , 118
51 , 118 , 52 , 118 , 53
118 , 49 , 118 , 50 , 118
51 , 118 , 52 , 118 , 53
118 , 49 , 118 , 50 , 118
51 , 118 , 52 , 118 , 53
118 , 49 , 118 , 50 , 118
51 , 118 , 52 , 118 , 53
118 , 49 , 118 , 50 , 118
51 , 118 , 52 , 118 , 53
118 , 49 , 118 , 50 , 118
51 , 118 , 52 , 118 , 53
118 , 49 , 118 , 50 , 118
51 , 118 , 52 , 118 , 53
118 , 49 , 118 , 50 , 118
51 , 118 , 52 , 118 , 53
118 , 49 , 118 , 50 , 118
51 , 118 , 52 , 118 , 53
118 , 49 , 118 , 50 , 118
51 , 118 , 52 , 118 , 53
118 , 49 , 118 , 50 , 118
51 , 118 , 52 , 118 , 53
118 , 49 , 118 , 50 , 118
51 , 118 , 52 , 118 , 53
118 , 49 , 118 , 50 , 118
51 , 118 , 52 , 118 , 53
118 , 49 , 118 , 50 , 118
51 , 118 , 52 , 118 , 53
118 , 49 , 118 , 50 , 118
51 , 118 , 52 , 118 , 53
118 , 49 , 118 , 50 , 118
51 , 118 , 52 , 118 , 53
118 , 49 , 118 , 50 , 118
51 , 118 , 52 , 118 , 53
118 , 49 , 118 , 50 , 118
51 , 118 , 52 , 118 , 53
118 , 49 , 118 , 50 , 118
51 , 118 , 52 , 118 , 53
118 , 49 , 118 , 50 , 118
51 , 118 , 52 , 118 , 53
118 , 49 , 118 , 50 , 118
51 , 118 , 52 , 118 , 53
118 , 49 , 118 , 50 , 118
51 , 118 , 52 , 118 , 53
118 , 49 , 118 , 50 , 118
51 , 118 , 52 , 118 , 53
118 , 49 , 118 , 50 , 118
51 , 118 , 52 , 118 , 53
118 , 49 , 118 , 50 , 118
51 , 118 , 52 , 118 , 53
118 , 49 , 118 , 50 , 118
51 , 118 , 52 , 118 , 53
118 , 49 , 118 , 50 , 118
51 , 118 , 52 , 118 , 53
118 , 49 , 118 , 50 , 118
51 , 118 , 52 , 118 , 53
118 , 49 , 118 , 50 , 118
51 , 118 , 52 , 118 , 53
118 , 49 , 118 , 50 , 118
51 , 118 , 52 , 118 , 53
118 , 49 , 118 , 50 , 118
51 , 118 , 52 , 118 , 53
118 , 49 , 118 , 50 , 118
51 , 118 , 52 , 118 , 53
118 , 49 , 118 , 50 , 118
51 , 118 , 52 , 118 , 53
118 , 49 , 118 , 50 , 118
51 , 118 , 52 , 118 , 53
118 , 49 , 118 , 50 , 118
51 , 118 , 52 , 118 , 53
118 , 49 , 118 , 50 , 118
51 , 118 , 52 , 118 , 53
118 , 49 , 118 , 50 , 118
51 , 118 , 52 , 118 , 53
118 , 49 , 118 , 50 , 118
51 , 118 , 52 , 118 , 53
118 , 49 , 118 , 50 , 118
51 , 118 , 52 , 118 , 53
118 , 49 , 118 , 50 , 118
51 , 118 , 52 , 118 , 53
118 , 49 , 118 , 50 , 118
51 , 118 , 52 , 118 , 53
118 , 49 , 118 , 50 , 118
51 , 118 , 52 , 118 , 53
118 , 49 , 118 , 50 , 118
51 , 118 , 52 , 118 , 53
118 , 49 , 118 , 50 , 118
51 , 118 , 52 , 118 , 53
118 , 49 , 118 , 50 , 118
51 , 118 , 52 , 118 , 53
118 , 49 , 118 , 50 , 118
51 , 118 , 52 , 118 , 53
118 , 49 , 118 , 50 , 118
51 , 118 , 52 , 118 , 53
118 , 49 , 118 , 50 , 118
51 , 118 , 52 , 118 , 53
118 , 49 , 118 , 50 , 118
51 , 118 , 52 , 118 , 53
118 , 49 , 118 , 50 , 118
51 , 118 , 52 , 118 , 53
118 , 49 , 118 , 50 , 118
51 , 118 , 52 , 118 , 53
118 , 49 , 118 , 50 , 118
51 , 118 , 52 , 118 , 53
118 , 49 , 118 , 50 , 118
51 , 118 , 52 , 118 , 53
118 , 49 , 118 , 50 , 118
51 , 118 , 52 , 118 , 53
118 , 49 , 118 , 50 , 118
51 , 118 , 52 , 118 , 53
118 , 49 , 118 , 50 , 118
51 , 118 , 52 , 118 , 53
118 , 49 , 118 , 50 , 118
51 , 118 , 52 , 118 , 53
118 , 49 , 118 , 50 , 118
51 , 118 , 52 , 118 , 53
118 , 49 , 118 , 50 , 118
51 , 118 , 52 , 118 , 53
118 , 49 , 118 , 50 , 118
51 , 118 , 52 , 118 , 53
118 , 49 , 118 , 50 , 118
51 , 118 , 52 , 118 , 53
118 , 49 , 118 , 50 , 118
51 , 118 , 52 , 118 , 53
118 , 49 , 118 , 50 , 118
51 , 118 , 52 , 118 , 53
118 , 49 , 118 , 50 , 118
51 , 118 , 52 , 118 , 53
118 , 49 , 118 , 50 , 118
51 , 118 , 52 , 118 , 53
118 , 49 , 118 , 50 , 118
51 , 118 , 52 , 118 , 53
118 , 49 , 118 , 50 , 118
51 , 118 , 52 , 118 , 53
118 , 49 , 118 , 50 , 118
51 , 118 , 52 , 118 , 53
118 , 49 , 118 , 50 , 118
51 , 118 , 52 , 118 , 53
118 , 49 , 118 , 50 , 118
51 , 118 , 52 , 118 , 53
118 , 49 , 118 , 50 , 118
51 , 118 , 52 , 118 , 53
118 , 49 , 118 , 50 , 118
51 , 118 , 52 , 118 , 53
118 , 49 , 118 , 50 , 118
51 , 118 , 52 , 118 , 53
118 , 49 , 118 , 50 , 118
51 , 118 , 52 , 118 , 53
118 , 49 , 118 , 50 , 118
51 , 118 , 52 , 118 , 53
118 , 49 , 118 , 50 , 118
51 , 118 , 52 , 118 , 53
118 , 49 , 118 , 50 , 118
51 , 118 , 52 , 118 , 53
118 , 49 , 118 , 50 , 118
51 , 118 , 52 , 118 , 53
118 , 49 , 118 , 50 , 118
51 , 118 , 52 , 118 , 53
118 , 49 , 118 , 50 , 118
51 , 118 , 52 , 118 , 53
118 , 49 , 118 , 50 , 118
51 , 118 , 52 , 118 , 53
118 , 49 , 118 , 50 , 118
51 , 118 , 52 , 118 , 53
118 , 49 , 118 , 50 , 118
51 , 118 , 52 , 118 , 53
118 , 49 , 118 , 50 , 118
51 , 118 , 52 , 118 , 53
118 , 49 , 118 , 50 , 118
51 , 118 , 52 , 118 , 53
118 , 49 , 118 , 50 , 118
51 , 118 , 52 , 118 , 53
118 , 49 , 118 , 50 , 118
51 , 118 , 52 , 118 , 53
118 , 49 , 118 , 50 , 118
51 , 118 , 52 , 118 , 53
118 , 49 , 118 , 50 , 118
51 , 118 , 52 , 118 , 53
118 , 49 , 118 , 50 , 118
51 , 118 , 52 , 118 , 53
118 , 49 , 118 , 50 , 118
51 , 118 , 52 , 118 , 53
118 , 49 , 118 , 50 , 118
51 , 118 , 52 , 118 , 53
118 , 49 , 118 , 50 , 118
51 , 118 , 52 , 118 , 53
118 , 49 , 118 , 50 , 118
51 , 118 , 52 , 118 , 53
118 , 49 , 118 , 50 , 118
51 , 118 , 52 , 118 , 53
118 , 49 , 118 , 50 , 118
51 , 118 , 52 , 118 , 53
118 , 49 , 118 , 50 , 118
51 , 118 , 52 , 118 , 53
118 , 49 , 118 , 50 , 118
51 , 118 , 52 , 118 , 53
118 , 49 , 118 , 50 , 118
51 , 118 , 52 , 118 , 53
118 , 49 , 118 , 50 , 118
51 , 118 , 52 , 118 , 53
118 , 49 , 118 , 50 , 118
51 , 118 , 52 , 118 , 53
118 , 49 , 118 , 50 , 118
51 , 118 , 52 , 118 , 53
118 , 49 , 118 , 50 , 118
51 , 118 , 52 , 118 , 53
118 , 49 , 118 , 50 , 118
51 , 118 , 52 , 118 , 53
118 , 49 , 118 , 50 , 118
51 , 118 , 52 , 118 , 53
118 , 49 , 118 , 50 , 118
51 , 118 , 52 , 118 , 53
118 , 49 , 118 , 50 , 118
51 , 118 , 52 , 118 , 53
118 , 49 , 118 , 50 , 118
51 , 118 , 52 , 118 , 53
118 , 49 , 118 , 50 , 118
51 , 118 , 52 , 118 , 53
118 , 49 , 118 , 50 , 118
51 , 118 , 52 , 118 , 53
118 , 49 , 118 , 50 , 118
51 , 118 , 52 , 118 , 53
118 , 49 , 118 , 50 , 118
51 , 118 , 52 , 118 , 53
118 , 49 , 118 , 50 , 118
51 , 118 , 52 , 118 , 53
118 , 49 , 118 , 50 , 118
51 , 118 , 52 , 118 , 53
118 , 49 , 118 , 50 , 118
51 , 118 , 52 , 118 , 53
118 , 49 , 118 , 50 , 118
51 , 118 , 52 , 118 , 53
118 , 49 , 118 , 50 , 118
51 , 118 , 52 , 118 , 53
118 , 49 , 118 , 50 , 118
51 , 118 , 52 , 118 , 53
118 , 49 , 118 , 50 , 118
51 , 118 , 52 , 118 , 53
118 , 49 , 118 , 50 , 118
51 , 118 , 52 , 118 , 53
118 , 49 , 118 , 50 , 118
51 , 118 , 52 , 118 , 53
118 , 49 , 118 , 50 , 118
51 , 118 , 52 , 118 , 53
118 , 49 , 118 , 50 , 118
51 , 118 , 52 , 118 , 53
118 , 49 , 118 , 50 , 118
51 , 118 , 52 , 118 , 53
118 , 49 , 118 , 50 , 118
51 , 118 , 52 , 118 , 53
118 , 49 , 118 , 50 , 118
51 , 118 , 52 , 118 , 53
118 , 49 , 118 , 50 , 118
51 , 118 , 52 , 118 , 53
118 , 49 , 118 , 50 , 118
51 , 118 , 52 , 118 , 53
118 , 49 , 118 , 50 , 118
51 , 118 , 52 , 118 , 53
118 , 49 , 118 , 50 , 118
51 , 118 , 52 , 118 , 53
118 , 49 , 118 , 50 , 118
51 , 118 , 52 , 118 , 53
118 , 49 , 118 , 50 , 118
51 , 118 , 52 , 118 , 53
118 , 49 , 118 , 50 , 118
51 , 118 , 52 , 118 , 53
118 , 49 , 118 , 50 , 118
51 , 118 , 52 , 118 , 53
118 , 49 , 118 , 50 , 118
51 , 118 , 52 , 118 , 53
118 , 49 , 118 , 50 , 118
51 , 118 , 52 , 118 , 53
118 , 49 , 118 , 50 , 118
51 , 118 , 52 , 118 , 53
118 , 49 , 118 , 50 , 118
51 , 118 , 52 , 118 , 53
118 , 49 , 118 , 50 , 118
51 , 118 , 52 , 118 , 53
118 , 49 , 118 , 50 , 118
51 , 118 , 52 , 118 , 53
118 , 49 , 118 , 50 , 118
51 , 118 , 52 , 118 , 53
118 , 49 , 118 , 50 , 118
51 , 118 , 52 , 118 , 53
118 , 49 , 118 , 50 , 118
51 , 118 , 52 , 118 , 53
118 , 49 , 118 , 50 , 118
51 , 118 , 52 , 118 , 53
118 , 49 , 118 , 50 , 118
51 , 118 , 52 , 118 , 53
118 , 49 , 118 , 50 , 118
51 , 118 , 52 , 118 , 53
118 , 49 , 118 , 50 , 118
51 , 118 , 52 , 118 , 53
118 , 49 , 118 , 50 , 118
51 , 118 , 52 , 118 , 53
118 , 49 , 118 , 50 , 118
51 , 118 , 52 , 118 , 53
118 , 49 , 118 , 50 , 118
51 , 118 , 52 , 118 , 53
118 , 49 , 118 , 50 , 118
51 , 118 , 52 , 118 , 53
118 , 49 , 118 , 50 , 118
51 , 118 , 52 , 118 , 53
118 , 49 , 118 , 50 , 118
51 , 118 , 52 , 118 , 53
118 , 49 , 118 , 50 , 118
51 , 118 , 52 , 118 , 53
118 , 49 , 118 , 50 , 118
51 , 118 , 52 , 118 , 53
118 , 49 , 118 , 50 , 118
51 , 118 , 52 , 118 , 53
118 , 49 , 118 , 50 , 118
51 , 118 , 52 , 118 , 53
118 , 49 , 118 , 50 , 118
51 , 118 , 52 , 118 , 53
118 , 49 , 118 , 50 , 118
51 , 118 , 52 , 118 , 53
118 , 49 , 118 , 50 , 118
51 , 118 , 52 , 118 , 53
118 , 49 , 118 , 50 , 118
51 , 118 , 52 , 118 , 53
118 , 49 , 118 , 50 , 118
51 , 118 , 52 , 118 , 53
118 , 49 , 118 , 50 , 118
51 , 118 , 52 , 118 , 53
118 , 49 , 118 , 50 , 118
51 , 118 , 52 , 118 , 53
118 , 49 , 118 , 50 , 118
51 , 118 , 52 , 118 , 53
118 , 49 , 118 , 50 , 118
51 , 118 , 52 , 118 , 53
118 , 49 , 118 , 50 , 118
51 , 118 , 52 , 118 , 53
118 , 49 , 118 , 50 , 118
51 , 118 , 52 , 118 , 53
118 , 49 , 118 , 50 , 118
51 , 118 , 52 , 118 , 53
118 , 49 , 118 , 50 , 118
51 , 118 , 52 , 118 , 53
118 , 49 , 118 , 50 , 118
51 , 118 , 52 , 118 , 53
118 , 49 , 118 , 50 , 118
51 , 118 , 52 , 118 , 53
118 , 49 , 118 , 50 , 118
51 , 118 , 52 , 118 , 53
118 , 49 , 118 , 50 , 118
51 , 118 , 52 , 118 , 53
118 , 49 , 118 , 50 , 118
51 , 118 , 52 , 118 , 53
118 , 49 , 118 , 50 , 118
51 , 118 , 52 , 118 , 53
118 , 49 , 118 , 50 , 118
51 , 118 , 52 , 118 , 53
118 , 49 , 118 , 50 , 118
51 , 118 , 52 , 118 , 53
118 , 49 , 118 , 50 , 118
51 , 118 , 52 , 118 , 53
118 , 49 , 118 , 50 , 118
51 , 118 , 52 , 118 , 53
118 , 49 , 118 , 50 , 118
51 , 118 , 52 , 118 , 53
118 , 49 , 118 , 50 , 118
51 , 118 , 52 , 118 , 53
118 , 49 , 118 , 50 , 118
51 , 118 , 52 , 118 , 53
118 , 49 , 118 , 50 , 118
51 , 118 , 52 , 118 , 53
118 , 49 , 118 , 50 , 118
51 , 118 , 52 , 118 , 53
118 , 49 , 118 , 50 , 118
51 , 118 , 52 , 118 , 53
118 , 49 , 118 , 50 , 118
51 , 118 , 52 , 118 , 53
118 , 49 , 118 , 50 , 118
51 , 118 , 52 , 118 , 53
118 , 49 , 118 , 50 , 118
51 , 118 , 52 , 118 , 53
118 , 49 , 118 , 50 , 118
51 , 118 , 52 , 118 , 53
118 , 49 , 118 , 50 , 118
51 , 118 , 52 , 118 , 53
118 , 49 , 118 , 50 , 118
51 , 118 , 52 , 118 , 53
118 , 49 , 118 , 50 , 118
51 , 118 , 52 , 118 , 53
118 , 49 , 118 , 50 , 118
51 , 118 , 52 , 118 , 53
118 , 49 , 118 , 50 , 118
51 , 118 , 52 , 118 , 53
118 , 49 , 118 , 50 , 118
51 , 118 , 52 , 118 , 53
118 , 49 , 118 , 50 , 118
51 , 118 , 52 , 118 , 53
118 , 49 , 118 , 50 , 118
51 , 118 , 52 , 118 , 53
118 , 49 , 118 , 50 , 118
51 , 118 , 52 , 118 , 53
118 , 49 , 118 , 50 , 118
51 , 118 , 52 , 118 , 53
118 , 49 , 118 , 50 , 118
51 , 118 , 52 , 118 , 53
118 , 49 , 118 , 50 , 118
51 , 118 , 52 , 118 , 53
118 , 49 , 118 , 50 , 118
51 , 118 , 52 , 118 , 53
118 , 49 , 118 , 50 , 118
51 , 118 , 52 , 118 , 53
118 , 49 , 118 , 50 , 118
51 , 118 , 52 , 118 , 53
118 , 49 , 118 , 50 , 118
51 , 118 , 52 , 118 , 53
118 , 49 , 118 , 50 , 118
51 , 118 , 52 , 118 , 53
118 , 49 , 118 , 50 , 118
51 , 118 , 52 , 118 , 53
118 , 49 , 118 , 50 , 118
51 , 118 , 52 , 118 , 53
118 , 49 , 118 , 50 , 118
51 , 118 , 52 , 118 , 53
118 , 49 , 118 , 50 , 118
51 , 118 , 52 , 118 , 53
118 , 49 , 118 , 50 , 118
51 , 118 , 52 , 118 , 53
118 , 49 , 118 , 50 , 118
51 , 118 , 52 , 118 , 53
118 , 49 , 118 , 50 , 118
51 , 118 , 52 , 118 , 53
118 , 49 , 118 , 50 , 118
51 , 118 , 52 , 118 , 53
118 , 49 , 118 , 50 , 118
51 , 118 , 52 , 118 , 53
118 , 49 , 118 , 50 , 118
51 , 118 , 52 , 118 , 53
118 , 49 , 118 , 50 , 118
51 , 118 , 52 , 118 , 53
118 , 49 , 118 , 50 , 118
51 , 118 , 52 , 118 , 53
118 , 49 , 118 , 50 , 118
51 , 118 , 52 , 118 , 53
118 , 49 , 118 , 50 , 118
51 , 118 , 52 , 118 , 53
118 , 49 , 118 , 50 , 118
51 , 118 , 52 , 118 , 53
118 , 49 , 118 , 50 , 118
51 , 118 , 52 , 118 , 53
118 , 49 , 118 , 50 , 118
51 , 118 , 52 , 118 , 53
118 , 49 , 118 , 50 , 118
51 , 118 , 52 , 118 , 53
118 , 49 , 118 , 50 , 118
51 , 118 , 52 , 118 , 53
118 , 49 , 118 , 50 , 118
51 , 118 , 52 , 118 , 53
118 , 49 , 118 , 50 , 118
51 , 118 , 52 , 118 , 53
118 , 49 , 118 , 50 , 118
51 , 118 , 52 , 118 , 53
118 , 49 , 118 , 50 , 118
51 , 118 , 52 , 118 , 53
118 , 49 , 118 , 50 , 118
51 , 118 , 52 , 118 , 53
118 , 49 , 118 , 50 , 118
51 , 118 , 52 , 118 , 53
118 , 49 , 118 , 50 , 118
51 , 118 , 52 , 118 , 53
